{
  "gbm_model_gold_set": {
    "ndcg@10": 0.6565035411718108,
    "ndcg@50": 0.7256258767602726,
    "p@10": 1.0,
    "p@50": 1.0,
    "r@50": 0.2808988764044944,
    "map@10": 1.0,
    "map@50": 1.0,
    "mrr@10": 1.0,
    "mrr@50": 1.0
  },
  "blend_scorer_gold_set": {
    "ndcg@10": 0.7625421165713756,
    "ndcg@50": 0.737143648760543,
    "p@10": 1.0,
    "p@50": 1.0,
    "r@50": 0.2808988764044944,
    "map@10": 1.0,
    "map@50": 1.0,
    "mrr@10": 1.0,
    "mrr@50": 1.0
  },
  "submission_csv": {
    "ndcg@10": 0.3025268318058828,
    "ndcg@50": 0.4017733222885288,
    "p@10": 0.4,
    "p@50": 0.54,
    "r@50": 0.15168539325842698,
    "map@10": 0.1873015873015873,
    "map@50": 0.284888678911403,
    "mrr@10": 0.5,
    "mrr@50": 0.5
  }
}